NTACode,n_rides_start,avg_ride_duration_secs_start,n_rides_end,avg_ride_duration_secs_end,primary_property_type,multifamily_housing_gross,site_eui_kbtu_ft,largest_property_use_type_residential,occupancy_residential,occupancy_non_residential,year_built_residential,year_built_non_residential,total_ghg_emissions_intensity,OOcHU1E,ROcHU1E,MdVlE,EA_LTHSGrE,EA_BchDHE,EA_HScGrdE,MgBSciArtE,SrvcE,SalesOffE,NRCnstMntE,PrdTrnsMME,MdHHIncE,MnHHIncE,PvU50E,Pv50t74E,Pv75t99E,Pv100t124E,Pv125t149E,Pv150t174E,Pv175t184E,Pv185t199E,Pv200t299E,Pv300t399E,Pv400t499E,Pv500plE,Pop_1E,station_count
BK09,252137.0,2181.727413002298,252301.0,1800.9818748380287,91,8641796.0,72.55494505494505,1,98.52564102564102,88.84615384615384,1941.948717948718,1920.3846153846155,4.397802197802197,4817,6335,768459.0,562,14542,1739,10584,753,2089,267,180,116189.0,178252.0,1603,344,344,458,362,418,89,171,1452,1133,1583,14382,24140,81.0
BK17,,,,,91,8491196.0,85.09230769230768,1,99.35897435897436,95.38461538461539,1954.628205128205,1979.3076923076924,5.006593406593407,13992,12206,467326.0,6990,19703,12123,12523,5691,6605,2109,2778,54371.0,73419.0,3842,2319,4449,3392,3287,2949,774,1037,9755,8100,7387,18824,66293,
BK19,,,,,93,7225352.0,76.43440860215054,1,99.6195652173913,100.0,1950.608695652174,1930.0,4.3247311827956985,4380,9717,566383.0,3306,10472,6344,5165,3561,2463,1323,1604,35699.0,61590.0,1963,2440,4696,2359,2139,1588,559,708,4291,3002,2401,7733,34157,
BK21,,,,,23,3043205.0,119.86521739130436,1,98.52941176470588,96.66666666666667,1974.6470588235295,1981.3333333333333,7.691304347826088,1687,9294,433588.0,5532,4594,5653,2462,2907,2215,804,1260,26033.0,51426.0,3488,2839,3004,2803,1886,1855,713,454,4289,2683,1552,3473,29677,
BK23,,,,,12,7340578.0,75.58333333333333,1,99.44444444444444,98.33333333333333,1959.7777777777778,2008.0,4.416666666666667,3404,4728,282390.0,749,6926,2659,2931,1332,1917,307,622,40910.0,58592.0,460,565,1455,1126,364,844,104,313,2032,2127,1677,4687,15754,
BK25,,,,,72,5477390.0,81.02638888888889,1,98.50746268656717,97.0,1949.402985074627,1960.6,4.651388888888889,5759,9816,641274.0,4540,10874,7609,7049,3309,5275,974,1708,52093.0,75661.0,2704,2083,3749,2379,2593,2570,1023,1257,6440,5236,3759,10614,44516,
BK26,,,,,24,2319661.0,72.64999999999999,1,98.57142857142857,100.0,1963.952380952381,1980.0,4.325,3812,7563,515440.0,4629,6545,5697,3926,2810,2991,1082,1534,38573.0,60829.0,2071,1700,2715,2651,1914,1491,872,477,4607,2946,2912,5823,30288,
BK27,,,,,11,919787.0,76.61818181818181,1,100.0,100.0,1931.9,1926.0,4.327272727272727,4466,6962,685011.0,5472,8009,6188,5343,3001,3601,1304,1608,58243.0,75950.0,1644,986,2092,1876,2001,1583,587,873,4992,4593,3464,8268,33163,
BK28,,,,,78,3599296.0,88.54743589743589,1,98.5,100.0,1935.7285714285715,1964.0,5.1179487179487175,10333,19576,708946.0,18286,17059,18127,11668,10909,10108,3787,5312,51035.0,70198.0,5356,4973,6378,6117,6202,4862,1754,2812,16161,11321,7969,17583,91646,
BK29,,,,,68,3381723.0,86.65882352941176,1,98.73015873015873,82.0,1941.2698412698412,1963.4,4.905882352941177,7649,14538,657026.0,11556,13888,12871,9250,7170,6397,2655,3786,48097.0,65715.0,4427,3540,4413,4282,3757,3263,1182,1255,11313,8209,5634,12868,64267,
BK30,,,,,11,454748.0,93.9,1,100.0,100.0,1935.2,1917.0,5.345454545454545,6929,7978,767503.0,9017,8612,8975,6538,5120,4828,1649,2501,56310.0,76957.0,2158,3290,2557,3827,3153,2459,704,1541,6134,5163,3305,11318,45877,
BK31,8651.0,4971.726630756697,9071.0,2947.9127160198805,144,9242607.0,82.70277777777778,1,98.67647058823529,95.0,1938.6691176470588,1949.125,4.729166666666667,12058,21429,687001.0,8006,27010,11165,18772,6515,8832,1998,2789,63539.0,86319.0,4393,2784,5089,4719,2709,2390,975,1191,9807,8866,7564,28491,79134,8.0
BK32,83256.0,1959.6817696092712,89214.0,2761.422835234228,38,972129.0,60.892105263157895,0,97.85714285714286,88.26086956521739,1946.2142857142858,1956.125,3.7473684210526317,3794,12960,700654.0,15040,9211,8752,7346,7904,5106,2745,3840,47397.0,66976.0,5824,4565,5902,4315,3771,3112,1004,1711,7734,5172,4433,7325,57377,89.0
BK33,344850.0,2085.82681352224,363347.0,2018.1375541319476,40,2200762.0,74.52250000000001,1,98.75,98.33333333333333,1958.107142857143,1971.3333333333333,4.55,5209,12902,1099629.0,4025,19810,4198,15715,2279,3618,547,729,91757.0,138368.0,3031,1574,1139,1499,1158,1153,362,877,2763,3944,2337,22145,42463,229.0
BK34,31154.0,1937.8073627723206,27663.0,2446.9548091566307,42,1483438.0,86.41190476190476,1,99.1891891891892,98.0,1937.1891891891892,1965.0,5.007142857142857,4274,15649,668624.0,25234,6968,9466,5256,13285,7110,2633,4135,39200.0,51842.0,8485,8186,8889,7654,5949,4259,1476,1987,10318,6077,3144,5302,71850,24.0
BK35,105769.0,3290.1357437894844,104266.0,2177.0809134450483,42,2644974.0,71.15,1,98.42857142857143,95.0,1977.1944444444443,1985.8333333333333,4.314285714285715,6338,19148,640583.0,9311,12045,12834,11122,7417,7104,1426,2163,41269.0,60491.0,9182,5514,4458,3771,3581,2916,652,1201,11009,7179,5267,12088,67371,48.0
BK37,578812.0,1770.73528815924,552397.0,1758.089840385728,84,4243878.0,72.72857142857143,1,98.45588235294117,90.66666666666667,1955.2794117647059,1958.0,4.4523809523809526,12243,18904,997876.0,3653,41918,4045,33620,3199,6390,645,1441,113781.0,160700.0,2271,1211,1849,1499,1687,1796,433,999,4850,6074,5928,44919,73881,226.0
BK38,602925.0,2454.438373876034,608473.0,2270.473229335198,97,10350149.0,65.37628865979381,1,97.265625,91.36363636363636,1977.921875,1956.6969696969697,4.135051546391753,4495,13090,929014.0,4106,18996,4366,15288,2599,3948,367,801,94542.0,137363.0,4937,1180,2489,1781,1278,1012,534,342,3385,2862,2485,19456,42245,197.0
BK40,48706.0,1727.1832430485306,46818.0,1851.5725489202675,32,2331105.0,70.3125,1,99.28571428571429,100.0,1950.642857142857,1972.0,4.075,3902,5233,730182.0,1348,10396,1606,8281,1249,2096,241,484,91219.0,118325.0,896,347,629,496,361,407,246,217,2235,2482,2864,10767,22031,30.0
BK41,18144.0,4898.360492637826,19442.0,2579.0936011110275,60,3753079.0,87.71833333333333,1,99.47368421052632,100.0,1943.9649122807018,1981.6666666666667,4.971666666666667,3773,8398,541969.0,4374,9587,5091,6720,3655,3298,1151,1711,54163.0,70115.0,3047,3426,2860,2682,2284,1427,794,940,5448,3571,3589,7479,37676,18.0
BK42,20784.0,5020.517034847925,21698.0,3342.010920906848,296,17644850.0,81.9875,1,99.27046263345196,92.66666666666667,1942.4946619217083,1970.0,4.67331081081081,6729,31689,621940.0,14136,23978,19291,17583,14580,9888,3366,5005,48896.0,65362.0,8359,5820,7200,8213,8055,6613,2337,3964,18662,12216,8762,18146,108653,4.0
BK43,,,,,108,7038662.0,82.94444444444444,1,99.5631067961165,89.0,1940.893203883495,1944.6,4.714814814814814,6069,12628,709281.0,4750,14305,7387,9423,3974,5091,958,1909,46598.0,77887.0,3485,3409,5677,3040,2987,2333,562,1618,7077,6531,4066,12235,53377,
BK44,,,,,67,4331498.0,80.14776119402984,1,98.46153846153847,100.0,1948.7076923076922,1973.0,4.537313432835821,6974,7872,596378.0,4026,11599,7299,7127,3461,4398,1232,1582,58966.0,77976.0,1700,1701,2377,2421,1685,2404,812,741,6629,4238,3744,11600,40122,
BK45,,,,,8,339039.0,68.5375,0,100.0,100.0,1990.0,1973.4,4.3,12185,4603,570269.0,2957,12411,9567,9452,3690,5452,1650,1802,80660.0,101679.0,981,582,1592,1766,1275,2000,602,1258,6257,6648,5165,19846,47997,
BK46,,,,,32,2109164.0,77.925,1,99.62962962962963,99.0,1947.1851851851852,1950.6,4.4375,2873,3959,774670.0,1673,4827,3035,3666,1318,2435,443,373,54104.0,89512.0,1406,1168,1431,1428,1350,815,380,617,3067,2019,1605,5945,21253,
BK50,,,,,10,336244.0,92.30999999999999,1,98.0,100.0,1971.2,1975.8,5.7,13959,14718,484625.0,8645,15308,17259,14477,11994,9174,2837,4474,62263.0,76268.0,5858,3396,3623,3491,3412,3508,992,2298,15391,12452,10456,22835,88367,
BK58,,,,,28,2726662.0,82.19642857142857,1,99.6,100.0,1941.72,1988.0,4.703571428571428,13615,9458,453757.0,6032,15052,13960,12887,8263,7812,2374,2477,69459.0,84670.0,3066,2298,2610,2919,3352,2747,1155,1639,11806,10223,9911,20596,72540,
BK60,40478.0,3465.453872597063,41926.0,3454.7956986542617,149,10112393.0,86.73825503355705,1,99.3103448275862,91.25,1942.1379310344828,1952.75,4.987919463087248,4552,22038,517192.0,8188,13056,14293,11067,9746,6939,1755,2455,43485.0,62975.0,6403,3692,4576,3064,3501,5106,1306,2758,11407,9169,6181,11105,69363,28.0
BK61,184609.0,1885.822112383489,181462.0,2347.0612798096013,116,8522519.0,85.25258620689655,1,99.11504424778761,93.33333333333333,1945.9734513274336,1970.6666666666667,4.985344827586206,6030,37191,697880.0,13550,23172,20479,19254,13984,11413,2487,3829,40678.0,58756.0,14463,7921,7139,5482,5272,6054,2352,3300,15723,11705,9099,17697,107134,63.0
BK63,34771.0,1761.8124761119084,34928.0,3221.574628695112,74,5808309.0,91.38783783783784,1,99.93243243243244,,1931.3783783783783,,5.214864864864865,1992,12979,688937.0,3922,8570,7194,6810,5534,4202,977,1376,46357.0,60472.0,3403,2595,2392,2983,3288,2199,688,1282,8069,4567,3860,6242,41962,25.0
BK64,194649.0,1921.8081523760457,191064.0,1857.9350687934088,41,2928783.0,71.27804878048781,1,98.29268292682927,,1945.6341463414635,,4.153658536585366,3233,6098,788237.0,1209,10944,1877,8619,1594,1871,304,279,89061.0,117343.0,1288,595,440,584,555,837,129,453,2073,1758,2206,9549,20493,64.0
BK68,380208.0,2093.7758754683323,414343.0,1891.6269114743986,39,5037542.0,73.62564102564103,1,98.63636363636364,87.5,1966.5151515151515,1945.6666666666667,4.415384615384615,3091,9403,795842.0,3889,10449,3584,8165,2469,2940,493,784,59907.0,93799.0,2835,1589,2366,1305,1279,1111,245,416,3594,2169,2599,9323,30288,110.0
BK69,244722.0,2270.008051705753,237546.0,1989.974111785997,64,4984136.0,65.821875,1,97.11538461538461,96.36363636363636,1975.2075471698113,1951.2727272727273,4.025,5313,10484,638640.0,2130,15160,3987,12372,2996,3992,582,1077,72799.0,96050.0,3307,1806,1377,1534,1025,1276,324,672,4574,3715,4697,12830,38655,83.0
BK72,22078.0,1486.0130079950354,21252.0,1928.3861483474655,28,880992.0,83.56785714285715,1,99.0909090909091,98.33333333333333,1948.2272727272727,1958.1666666666667,4.942857142857143,1051,7264,637318.0,4251,1140,5541,3058,1251,3385,287,731,23188.0,43748.0,8610,5250,4022,2955,1833,1798,387,765,3871,1396,618,1910,33767,19.0
BK73,865487.0,2572.6427969829037,817050.0,1792.0106332079647,157,12519846.0,68.26242038216562,1,98.93103448275862,82.5,1973.848275862069,1971.9166666666667,4.220382165605096,3540,19594,926795.0,5876,22542,5751,19405,4583,6359,608,1210,73312.0,104645.0,4559,3259,2895,3360,1952,1618,663,1403,7738,4662,4155,18039,54330,152.0
BK75,274278.0,2109.4555495531895,273995.0,2152.8906490351656,45,2414028.0,65.59333333333333,1,98.8157894736842,90.0,1981.128205128205,1966.8333333333333,4.0200000000000005,4824,21235,722811.0,9699,14406,11608,13277,6984,8400,1351,2327,39970.0,62616.0,12070,7048,6624,4856,4540,4271,797,1822,9162,6282,5175,12144,75318,128.0
BK76,377600.0,1873.1999504229138,384811.0,1744.1169866430903,33,2368623.0,58.46060606060606,1,96.13636363636364,95.9090909090909,1990.2272727272727,1953.0,3.6363636363636362,3146,12723,720209.0,2501,15508,4685,12625,2785,3648,1575,938,74283.0,89569.0,2230,901,958,1534,1215,812,439,429,4128,4432,4184,12070,33351,86.0
BK77,190635.0,2043.9458893179508,190810.0,1989.6054053898024,27,1021864.0,50.196296296296296,1,98.75,91.36363636363636,1969.375,1941.7272727272727,3.144444444444445,2023,17184,535930.0,15301,9043,7868,9112,8454,5581,3631,3973,46485.0,62341.0,8982,4017,5192,3814,4527,3759,917,1403,10208,6256,4730,6680,60834,91.0
BK78,326671.0,2240.465341627334,324631.0,2772.392188347186,68,4239829.0,72.10147058823529,1,99.62264150943396,98.66666666666667,1978.132075471698,1974.5333333333333,4.298529411764706,4085,22171,534902.0,15218,11872,12200,11150,10205,8278,2484,3254,39733.0,56697.0,9210,6103,5021,5979,4382,4281,1822,2137,14511,7444,5262,8225,75003,139.0
BK79,22258.0,2316.323782440317,22346.0,3893.3962213262025,31,1889346.0,75.56774193548387,1,100.0,75.0,1972.896551724138,1963.5,4.393548387096774,2505,10120,538172.0,5479,3939,6715,3511,4532,3105,888,1422,35638.0,50288.0,5107,2377,2385,2554,1626,1665,598,1679,5710,4094,2588,3385,34025,16.0
BK81,,,,,31,2891936.0,81.90967741935484,1,99.64285714285714,100.0,1956.7241379310344,1927.5,4.758064516129032,3053,18499,372773.0,10337,4168,13224,3936,7496,5285,1108,2068,24504.0,37892.0,12633,6439,4352,4238,3935,3261,902,1718,9254,4446,3415,4051,60124,
BK82,,,,,64,2188756.0,89.1828125,0,99.4,100.0,1994.16,1974.6410256410256,5.2859375,7716,25028,397123.0,11944,8581,24457,8466,12373,8700,2573,4312,35656.0,49682.0,14955,7428,6522,5496,5856,4773,2031,2942,15954,9168,7349,11229,94448,
BK83,,,,,7,411890.0,102.12857142857142,1,100.0,,1933.4285714285713,,5.814285714285715,4598,9561,429541.0,8176,3869,12437,3673,6184,5008,2533,2942,45720.0,57213.0,6827,2776,2899,3444,2460,3260,1294,1887,9256,5482,3847,5333,48899,
BK85,,,,,20,772702.0,78.265,1,99.23076923076923,100.0,1977.3846153846155,1993.0,4.6049999999999995,2179,7900,411683.0,4765,1914,6501,2038,4418,2179,904,1083,29183.0,43977.0,6317,2219,1932,1384,1798,1332,639,797,4764,3227,1563,3142,29447,
BK88,1697.0,2006.153269083696,1921.0,2612.017457724552,100,3744820.0,82.01700000000001,1,98.56164383561644,100.0,1939.7808219178082,1963.0,4.849,8560,18862,815579.0,14659,10164,20165,12388,7457,11024,2791,3136,36893.0,59062.0,12732,14381,13205,7729,8584,5650,2050,2572,13857,8529,4845,11175,105913,2.0
BK90,287604.0,1630.6777387564614,287163.0,1764.5618691352622,50,3127454.0,64.692,1,99.0,98.0,1980.6,1921.25,3.91,2556,13408,661936.0,5663,11521,5614,9872,4124,4236,681,1275,53891.0,76888.0,2979,2247,1914,2464,1803,1357,604,602,5022,3802,4381,8746,35985,114.0
BK91,,,,,24,1779431.0,100.01249999999999,1,99.56521739130434,100.0,1943.3478260869565,1968.0,5.804166666666667,7966,10590,422385.0,4703,8888,13233,7339,8102,5491,1850,2178,53207.0,65093.0,3423,2126,1620,2665,2227,2731,1235,2347,9955,8819,5857,10444,53535,
BK93,,,,,6,300900.0,83.73333333333333,1,98.33333333333333,100.0,1997.3333333333333,2004.3333333333333,5.1499999999999995,135,6273,484482.0,2320,1760,2889,1400,1337,1053,170,368,24601.0,35486.0,914,920,2003,1220,589,189,521,343,1752,2277,609,1010,12388,
BK95,,,,,40,2011392.0,80.3275,1,98.42105263157895,100.0,1957.3947368421052,1925.5,4.6725,2262,7791,409488.0,3090,4027,7184,3251,4934,2728,948,883,42858.0,57400.0,2704,1339,1729,2377,1531,1381,369,809,5903,3650,3060,3999,29149,
BK96,,,,,39,1747850.0,95.32564102564102,1,96.71052631578948,80.0,1937.8157894736842,1962.0,5.435897435897436,6301,14460,438767.0,6215,8157,13600,7078,8358,5967,2208,1726,45863.0,59398.0,4398,2438,3592,2097,3109,2419,1025,2394,10466,7477,6350,9804,55951,
BK99,253845.0,2405.000469517659,249342.0,1965.6142574939217,3,166043.0,35.53333333333333,0,95.0,75.0,1920.0,1978.0,2.3333333333333335,18,147,71666.0,6,190,57,130,25,99,9,20,102205.0,135692.0,5,0,0,68,0,0,0,0,35,17,41,209,375,82.0
BX01,24282.0,4091.189650398888,24805.0,5117.873441658283,54,3348209.0,81.49074074074075,1,97.91666666666667,100.0,1961.7083333333333,1980.1666666666667,5.003703703703703,496,10347,378999.0,6846,2185,4919,1611,4797,2071,448,1424,21369.0,30997.0,8001,4754,4085,3116,2666,1616,910,978,3616,2403,678,1072,34815,37.0
BX03,,,,,5,109455.0,88.16,1,100.0,95.0,1979.0,1955.0,5.180000000000001,4353,7094,410091.0,4234,5444,6143,5049,4753,3479,1131,1360,50231.0,64343.0,2712,1003,2284,1305,1262,2055,889,413,7320,4396,4019,7053,35172,
BX05,20802.0,4404.19252504926,20421.0,3712.111504607981,180,9118115.0,82.18722222222223,1,99.56395348837209,100.0,1940.3779069767443,1948.875,5.032777777777778,859,18505,326962.0,11024,4907,9913,4235,8475,5568,1767,3226,33643.0,46892.0,7436,5885,5316,3805,3070,2772,901,2857,10008,5846,3957,3763,55995,44.0
BX06,6247.0,2637.5212977794004,6577.0,3003.373341427678,34,1714678.0,89.39117647058823,1,99.03225806451613,100.0,1943.5806451612902,1949.3333333333333,5.844117647058823,480,8636,342499.0,4947,2152,4144,2018,3633,2727,1144,1092,24727.0,35447.0,5392,3695,2717,1906,2881,1975,604,503,2743,2143,805,1212,29372,2.0
BX07,,,,,68,5240818.0,84.50147058823529,1,98.359375,98.75,1941.421875,1937.0,5.258823529411765,1866,11914,302531.0,7246,4326,7189,3827,4584,3958,1228,1727,35431.0,46315.0,4235,3115,2940,2817,1383,2427,938,1538,6697,3541,3407,3996,37595,
BX08,,,,,44,2719079.0,81.14545454545454,1,98.92857142857143,100.0,1932.9285714285713,1944.5,4.831818181818182,1818,10047,453009.0,8885,2081,6430,1985,5110,3190,1734,1832,29306.0,39917.0,5189,3982,3529,2762,2926,2419,690,1182,5184,3207,2140,2317,35752,
BX09,,,,,22,2135154.0,86.28636363636363,0,97.77777777777777,89.61538461538461,1980.6666666666667,1992.4615384615386,5.527272727272727,5351,13839,358572.0,9497,5573,10795,5436,5921,5052,1346,2837,35771.0,50523.0,6904,5276,4817,3628,3076,2885,1267,1403,8990,6289,3950,7746,56552,
BX10,,,,,37,2587605.0,78.21891891891892,1,99.02777777777777,100.0,1948.7222222222222,1952.0,4.924324324324324,4506,6629,469538.0,3178,5180,5881,4990,2292,3162,1017,791,64636.0,77055.0,1154,558,1383,687,534,642,355,464,3659,4126,3381,9033,26172,
BX13,,,,,10,479898.0,66.39,1,100.0,100.0,2004.1666666666667,1991.5,4.16,8020,11415,29648.0,5136,8884,9877,6982,5629,5462,985,1413,46492.0,58997.0,2683,573,1703,3075,5506,1622,434,1152,6961,6517,4642,11771,48541,
BX14,49930.0,3439.150298506336,49812.0,3116.356315106071,155,14436307.0,93.36709677419354,1,99.63087248322148,95.0,1937.84,1990.6,5.540645161290322,2589,19591,185984.0,13979,6369,9882,4758,9752,5158,1017,3453,28772.0,42894.0,9893,5482,7251,6744,4253,3833,1280,1787,8969,5759,3789,4030,64516,74.0
BX17,,,,,94,6175225.0,92.25531914893617,1,99.77272727272727,100.0,1951.7613636363637,1961.3333333333333,5.51595744680851,1227,13552,359840.0,10525,3049,6394,2436,5744,3439,706,1995,22130.0,34080.0,8362,5516,5627,3581,3429,2736,861,1467,6185,2450,1587,1752,44510,
BX22,,,,,63,7531662.0,79.86349206349206,1,99.12280701754386,93.33333333333333,1958.1929824561403,1952.1666666666667,4.903174603174603,5408,5276,316903.0,1557,11151,2792,7438,1506,2214,474,558,85783.0,114400.0,968,503,758,508,612,266,63,259,2261,3102,2157,12482,27145,
BX26,24674.0,3532.527284262672,24523.0,3309.0665488372892,134,7922156.0,83.29925373134328,1,99.45736434108527,100.0,1950.176923076923,1955.75,4.972388059701492,536,12706,330274.0,7996,3023,6115,2729,5491,3575,738,2197,26281.0,39092.0,5815,4849,4927,2805,2548,2517,654,1264,6143,2902,1545,2803,39144,43.0
BX27,16715.0,6431.410297470336,16585.0,7613.843544419742,74,3635103.0,90.19594594594595,1,99.26229508196721,94.16666666666667,1936.688524590164,1953.2307692307693,5.447297297297298,546,7899,345384.0,6171,1519,4102,1327,3501,1927,805,1203,22679.0,33441.0,5540,2662,2141,2523,2264,2702,475,628,3462,1415,879,890,26531,39.0
BX28,10860.0,1890.4965510952297,10565.0,3294.8847502612166,145,11542983.0,81.19724137931034,1,99.37062937062937,100.0,1935.811188811189,1977.0,4.988275862068965,3012,14851,109648.0,9118,7281,8862,5351,8391,5599,1395,2432,42564.0,53106.0,5488,3136,4342,3214,2436,3052,810,1763,8316,7182,4076,6204,51157,23.0
BX29,,,,,103,10108309.0,74.00097087378641,1,99.23469387755102,81.0,1955.591836734694,1960.8,4.429126213592233,4766,8405,304920.0,3042,11453,4159,8271,2833,3037,562,579,68776.0,94681.0,1772,808,1234,985,683,1401,316,509,4494,3016,2853,12343,31508,
BX30,14145.0,4129.9324603418945,14047.0,3007.2791736291915,91,5455832.0,93.15384615384616,1,99.48275862068965,96.25,1931.6091954022988,1981.5,5.671428571428572,1220,9662,162499.0,6858,3451,5466,2365,5667,2902,939,2287,32458.0,44583.0,2918,2587,3342,1687,2511,2367,1116,1320,5109,3599,1434,2553,31294,32.0
BX31,,,,,9,58000.0,97.74444444444445,0,100.0,95.625,1955.0,1977.5,6.022222222222222,5166,4253,448273.0,4897,5865,6041,5059,3468,3311,974,1451,59992.0,78914.0,1929,922,1357,2015,1263,1191,416,888,5218,3829,3387,8233,32450,
BX33,18980.0,5165.461231307709,18994.0,4729.959868506103,81,4494699.0,91.31358024691357,1,99.53947368421052,100.0,1949.1948051948052,1985.75,5.6456790123456795,651,8389,365999.0,7032,1893,4442,1730,3619,2757,677,1151,25381.0,36239.0,5243,2695,3305,2742,1380,2056,301,1111,4636,2966,1006,1069,28961,33.0
BX34,53192.0,1970.8077385339095,53558.0,3770.707739181958,49,4263497.0,74.11020408163266,1,99.63414634146342,96.875,1969.121951219512,1954.75,4.420408163265306,1176,13117,311537.0,9190,2936,6647,2721,5604,3635,1004,1964,24693.0,39830.0,7787,5593,4816,4513,2850,2743,1279,792,5550,2618,1598,2713,43244,60.0
BX35,27600.0,4854.968662932088,27671.0,5643.358165043807,69,4686314.0,81.19420289855071,1,99.07692307692308,97.5,1971.9384615384615,1961.5,4.91159420289855,1112,12624,369582.0,8026,3375,6847,2812,5730,3344,837,2032,27931.0,40974.0,5472,4274,4097,2638,3085,3137,738,940,6090,4450,2130,2564,39939,45.0
BX36,24476.0,1771.70505186849,23709.0,2766.223294219102,150,8826460.0,87.55,1,99.421768707483,100.0,1934.5034013605443,1968.0,5.176666666666667,787,18285,420282.0,10379,4290,9677,3615,8090,4800,1518,2606,22776.0,35107.0,10634,7158,6161,4976,3135,2306,1007,1495,8260,5219,1703,3010,55575,45.0
BX37,,,,,26,1290717.0,100.39615384615385,1,99.77272727272727,85.0,1943.5454545454545,1940.25,5.946153846153846,2578,6852,439166.0,4664,4193,5422,3517,3663,2890,1233,1596,46002.0,61485.0,2869,1999,1872,2092,1811,1247,888,879,5098,2906,2593,4529,29509,
BX39,86452.0,3559.3921413599464,87765.0,3556.6036590853205,87,5211325.0,81.82528735632184,1,99.46153846153847,94.28571428571429,1967.9545454545455,1941.7142857142858,4.92183908045977,1065,17415,372119.0,13064,2744,8327,3329,7092,4353,1262,2632,21469.0,33368.0,12348,5714,6703,4553,4579,3243,1301,1688,5955,3766,2077,2669,55080,107.0
BX40,8643.0,5555.750596203956,8614.0,3982.829299271124,63,3026005.0,99.93492063492063,1,99.33333333333333,100.0,1933.4333333333334,1942.3333333333333,6.2634920634920634,106,8824,394443.0,5933,1797,4657,1699,5234,2272,603,1425,23992.0,37885.0,4758,4578,3384,1858,1781,1199,657,885,5214,1430,1257,1170,28434,14.0
BX41,17362.0,5180.960356666271,17428.0,6023.344533659983,174,9789697.0,91.15,1,98.77906976744185,100.0,1943.8953488372092,1967.0,5.568965517241379,609,16526,344921.0,11306,4500,8971,3505,8610,5126,1442,2660,26762.0,37552.0,7561,6453,5728,4893,4140,3539,1108,1594,8773,4413,2046,2097,52973,28.0
BX43,8560.0,3317.9666619671725,8842.0,3090.0967617918564,149,8999743.0,82.39060402684564,1,99.65517241379311,97.5,1935.903448275862,1980.25,5.144295302013423,652,14011,409458.0,8252,5507,7604,3891,6179,4092,1400,1760,32396.0,45403.0,5322,4202,4343,3379,3481,2787,1008,1321,7044,3515,2296,3328,42666,16.0
BX44,,,,,78,4999989.0,93.66666666666667,1,99.72602739726027,100.0,1947.6712328767123,1968.0,5.824358974358974,6358,15125,378872.0,9097,7740,12837,6283,9138,6770,2004,2810,40791.0,53405.0,7741,3695,3989,3099,3494,4423,1338,2251,10664,8317,6260,8962,65043,
BX46,,,,,25,9784055.0,84.50399999999999,1,100.0,100.0,1939.5454545454545,1973.3333333333333,5.356,2775,9914,131699.0,4202,5591,5746,4486,4267,4219,1090,1525,50466.0,57578.0,1758,2186,1404,2203,1912,1524,649,660,5075,4896,3103,5450,30826,
BX49,,,,,79,6779365.0,79.15316455696203,1,99.93506493506493,100.0,1943.909090909091,1942.5,4.869620253164557,2867,8458,439489.0,3960,6571,5643,5361,3622,3012,1268,1260,54087.0,70924.0,2255,1210,1149,1567,1186,1228,540,662,4690,4004,2846,8062,29947,
BX52,,,,,11,328847.0,75.97272727272728,1,98.57142857142857,98.75,1951.857142857143,1982.5,4.7727272727272725,8495,8032,424455.0,5574,8128,10041,7360,5168,5377,1751,2233,69686.0,83834.0,3477,1384,1342,1401,1530,1638,486,739,5964,6416,5493,16039,47580,
BX55,,,,,43,2787689.0,115.52558139534885,1,99.52380952380952,100.0,1933.2619047619048,1968.0,7.132558139534884,1735,10085,383006.0,8655,2747,5851,2445,5220,3763,1735,1754,29638.0,43345.0,5572,4241,3282,2957,3016,2518,859,1249,5470,3447,1680,3095,37866,
BX59,,,,,37,2049852.0,69.39999999999999,1,99.8076923076923,87.27272727272727,1940.4615384615386,1981.1818181818182,4.248648648648649,2325,6748,425647.0,4753,3385,5675,2822,3354,3525,799,1255,43412.0,57590.0,2826,1902,2287,1663,1992,1671,309,756,4598,3622,1924,4526,28437,
BX62,,,,,35,1984854.0,68.28857142857143,1,98.75,97.5,1946.46875,1986.3333333333333,4.2457142857142856,6935,7928,407578.0,5314,8407,9668,7398,5699,4376,1652,1924,57189.0,70825.0,3191,1413,1751,2133,2549,1997,581,1085,7028,6846,4003,11328,44064,
BX63,64371.0,3005.9382480008076,65639.0,3078.350800943411,149,9920987.0,86.88791946308724,1,99.34027777777777,97.0,1936.111111111111,1959.2,5.135570469798658,319,12776,213234.0,8139,3171,5851,2310,6210,3286,1106,2155,26520.0,37550.0,5266,4742,3842,3176,2912,2049,862,1218,5762,3155,2236,1887,37395,64.0
BX75,15689.0,3032.6682986215774,15896.0,4667.203751073264,68,4402233.0,93.91176470588235,1,99.53125,100.0,1956.546875,1994.0,5.805882352941176,674,6859,425345.0,4950,1892,3543,1703,2931,1831,732,914,22538.0,38335.0,4171,2545,2257,1196,1626,1555,487,948,2468,1769,1258,1408,21745,34.0
BX99,8834.0,12078.078697203824,9022.0,3003.0149686108507,5,551464.0,62.6,1,100.0,,2012.4,,3.6799999999999997,131,582,164008.0,255,333,239,306,225,150,43,124,47979.0,58098.0,82,94,142,100,100,28,76,110,332,316,150,237,1777,18.0
MN01,22036.0,4646.350952080668,22891.0,3786.172120653829,142,7480762.0,94.32887323943662,1,99.64028776978417,78.33333333333333,1933.8057553956835,1982.0,5.973239436619719,1576,17481,357980.0,9850,10514,7792,8021,7862,5301,1111,2587,40278.0,57340.0,4553,4354,4863,3606,4482,2620,1319,1491,7345,6951,3386,7438,52681,42.0
MN03,231227.0,2746.2006828340404,236899.0,3551.7790533774364,136,13060739.0,86.53897058823529,1,98.07692307692308,95.83333333333333,1951.1,1964.0,5.143382352941177,3120,31635,514806.0,11862,17938,14285,14070,9870,9595,1365,2703,35748.0,57738.0,11391,6516,7343,5856,4588,4369,1081,2708,14359,8985,5435,12818,85872,96.0
MN04,104198.0,2025.4731029457262,98840.0,3652.9141239459636,137,8115226.0,91.31897810218979,1,99.37037037037037,100.0,1926.1629629629629,1913.5,5.6678832116788325,2540,16686,312657.0,9749,12612,7845,10015,8183,6328,1554,1976,44173.0,62703.0,5777,3146,4349,3855,3238,2720,1801,1495,8620,4780,3752,8709,52508,57.0
MN06,75748.0,3065.6291388195195,75609.0,2905.010496167295,40,1755145.0,84.885,1,98.94736842105263,80.0,1928.5,1942.5,5.3125,342,7899,435064.0,4736,4699,3504,3600,3420,2407,425,861,30871.0,44966.0,4045,1642,1977,2233,2631,1483,196,378,3581,2121,884,2447,23666,37.0
MN09,253606.0,2478.6451411568505,247610.0,1958.1810847816887,173,8677543.0,66.4150289017341,1,99.50450450450451,98.54838709677419,1924.972972972973,1924.6774193548388,4.089017341040463,3950,15369,689884.0,3359,21802,4098,14740,2886,3705,304,921,63563.0,109444.0,6050,2373,1720,958,2252,939,312,849,5186,2894,2824,17303,53707,85.0
MN11,302301.0,2649.69889651422,306025.0,3075.69239973164,133,9576386.0,76.52481203007518,1,98.72950819672131,99.0909090909091,1949.1311475409836,1956.6363636363637,4.9639097744360905,3673,15832,769132.0,5823,15550,7056,12452,4794,5024,566,1392,53590.0,87914.0,7061,2689,3741,1735,1103,1314,1135,1255,6512,5008,4040,14074,50095,68.0
MN12,871707.0,2495.1384899394275,841381.0,2228.617362853645,480,49718058.0,73.35458333333332,1,99.16481069042317,95.48387096774194,1932.6926503340758,1933.0,4.649583333333334,20511,45165,1158387.0,7660,78449,8766,54435,6754,11670,1383,1218,99320.0,176267.0,7859,3365,3257,3878,2241,2978,915,1135,9677,10267,7960,79146,134019,169.0
MN13,2499819.0,2576.9601077971047,2518505.0,1837.104952137755,363,27621798.0,73.65206611570248,1,98.52380952380952,92.99342105263158,1960.1095238095238,1930.1503267973856,4.788154269972452,11825,30299,913941.0,3701,46795,5103,34400,4624,10942,351,840,109092.0,184732.0,5880,1466,2162,1388,1263,1378,240,1075,6735,4049,5829,44300,77205,257.0
MN14,598964.0,2079.5066006721686,622769.0,1750.4406005630622,159,29205829.0,81.27987421383648,1,99.41780821917808,96.15384615384616,1942.5890410958905,1932.3076923076924,5.210691823899371,13125,19530,968967.0,1322,38791,3354,26187,1616,6470,24,744,121137.0,203752.0,2464,725,1270,858,788,1475,220,216,2752,3583,3115,40847,59691,78.0
MN15,809329.0,3350.872528911683,817576.0,2290.208121593222,151,19112865.0,94.90397350993378,1,98.31818181818181,95.0,1971.290909090909,1960.4634146341464,6.082119205298013,3807,22641,818778.0,2213,26550,3370,20495,2946,6012,499,731,81845.0,118236.0,3224,1106,1255,1417,988,1500,403,797,5127,3577,3208,21567,44293,106.0
MN17,1666450.0,2326.837501206582,1666054.0,1983.3706832851615,474,18299440.0,71.115611814346,0,98.03571428571429,93.60110803324099,1952.0,1939.0165745856355,4.810970464135021,3326,12181,1032709.0,889,17129,1657,12299,1108,3266,261,174,116456.0,181291.0,1946,725,985,607,367,407,155,264,1788,1312,1375,16439,27811,212.0
MN19,752447.0,1801.5300318498587,740065.0,1848.6239717059054,252,32411076.0,78.53809523809524,1,99.26701570680628,92.62295081967213,1954.7068062827225,1951.9344262295083,5.160317460317461,12936,16055,799590.0,828,34699,2065,23920,1456,7034,303,555,119688.0,202545.0,1947,334,332,461,905,462,191,450,2879,2087,2873,36198,49628,134.0
MN20,907302.0,2115.7504816496903,881570.0,1897.1793231750264,172,16801494.0,74.90872093023255,1,99.35114503816794,96.46341463414635,1958.7022900763359,1940.341463414634,4.908139534883722,7442,18617,682795.0,2030,28332,3003,21153,2044,6226,296,216,95701.0,134337.0,3133,685,1799,878,393,725,1779,324,2736,3525,3991,26093,47774,105.0
MN21,367335.0,1992.1793699235623,364618.0,1517.9496627733388,96,7159599.0,78.721875,1,99.66216216216216,95.68181818181819,1949.0405405405406,1934.090909090909,5.1875,5176,8991,726595.0,408,16976,1133,13210,1287,3492,298,311,116266.0,172590.0,1376,256,422,424,373,547,75,241,917,1998,1487,16776,27886,42.0
MN22,1153201.0,2735.9933268179757,1159272.0,1617.1560043138459,72,6157532.0,76.52083333333333,1,98.27868852459017,100.0,1959.311475409836,1975.5454545454545,4.905555555555555,2501,19851,744365.0,2289,23118,3246,17897,3022,5032,416,643,73965.0,105620.0,3350,1306,1591,632,1286,803,735,929,4432,2677,3038,17243,43022,122.0
MN23,1835449.0,2816.1615742976383,1857592.0,5176.627677085232,206,15510075.0,549.7611650485436,1,99.29012345679013,95.11363636363636,1941.4567901234568,1945.7272727272727,36.31019417475728,12389,24517,1107878.0,855,46116,2905,31760,2249,8084,151,575,119593.0,192741.0,2409,513,1083,697,786,915,442,229,4554,3492,4788,42451,66772,217.0
MN24,1391094.0,2570.3294608858782,1383626.0,1839.2799054237255,207,11748932.0,73.97342995169082,1,98.8425925925926,93.78787878787878,1953.2685185185185,1936.7373737373737,4.856038647342995,5717,13983,2000000.0,2742,24146,2471,17820,1371,5518,310,510,121638.0,251546.0,1903,765,937,1509,925,749,287,224,2659,2994,2345,25949,42979,212.0
MN25,1013547.0,3129.6640517549727,1003806.0,2176.3180675203057,120,21772426.0,79.16916666666665,1,98.16901408450704,91.14583333333333,1964.887323943662,1957.8367346938776,5.0425,4958,17116,807691.0,1018,28728,1262,22833,1388,5730,220,261,134266.0,192766.0,2007,666,884,519,365,406,146,337,2513,2183,3233,31105,45737,160.0
MN27,799645.0,2465.6107750883616,815940.0,1709.4251812438433,41,2481505.0,103.20487804878047,1,98.0,98.4375,1974.36,1963.0625,6.429268292682927,1183,17008,690573.0,12635,12147,7059,9542,5167,4645,543,1884,38854.0,67713.0,3613,3206,4702,3735,3394,2976,593,966,5011,3296,3080,8548,44898,114.0
MN28,725648.0,2485.911858325387,724156.0,2373.1952688362053,73,9523175.0,82.38219178082191,1,97.86764705882354,88.0,1968.0,1940.8,5.006849315068493,4968,27048,581783.0,15072,18996,12020,13381,7107,6784,1056,1762,31180.0,61325.0,8908,5947,6991,4902,5457,3516,1648,1397,9852,5423,4533,13841,72789,134.0
MN31,623195.0,2115.921316574731,618745.0,1777.58112344658,197,27765642.0,88.63756345177664,1,98.60655737704919,95.71428571428571,1958.24043715847,1969.7142857142858,5.556345177664975,12020,31904,731316.0,1976,51737,4904,35548,2218,11064,492,693,105539.0,170988.0,3492,1735,747,1234,1118,1732,288,378,5152,5103,6323,52604,82051,101.0
MN32,418845.0,2182.198327101933,417058.0,1842.226109045732,173,26846246.0,81.1757225433526,1,99.22155688622755,98.33333333333333,1959.059880239521,1957.1666666666667,5.0606936416184976,11753,32292,729638.0,1967,52859,4827,35438,3144,11452,594,792,99282.0,150969.0,2430,1094,2029,1918,1835,1403,426,880,5517,4754,8016,50623,81278,90.0
MN33,280797.0,1845.3057787794583,282609.0,2859.1257986823875,67,8787431.0,91.96268656716418,1,99.3859649122807,92.0,1955.3508771929824,1936.1,5.407462686567165,1835,22222,840767.0,9192,16534,8620,12383,5378,5576,899,1605,36766.0,74689.0,7222,4286,4429,3934,4331,3067,1159,637,7816,5358,3470,11331,59777,99.0
MN34,278908.0,1809.3396729030824,278208.0,2976.9239390433513,63,4622161.0,81.64603174603174,1,98.92156862745098,97.08333333333333,1983.1176470588234,1978.75,5.071428571428571,1592,22321,487856.0,11055,10391,10461,7819,6460,6474,804,1756,27377.0,46221.0,10869,5689,6453,4343,4078,3127,1714,1887,7142,4284,3666,7291,61031,117.0
MN35,52122.0,2566.932939608369,49511.0,2629.2862351627227,236,14685110.0,89.56652542372882,1,99.38864628820961,99.28571428571429,1929.4279475982532,1938.142857142857,5.636440677966102,3197,22651,418434.0,14700,20406,7770,14629,9495,7728,1416,3732,48800.0,66101.0,5430,3616,6327,5675,5175,4275,1582,1402,10668,7802,4965,14150,73523,47.0
MN36,106432.0,2267.385151076631,97472.0,2608.4733650358166,258,14563155.0,92.1174418604651,1,99.36254980079681,100.0,1923.7609561752988,1968.5714285714287,5.637209302325582,1959,27336,401576.0,20988,19340,13117,13541,14105,9465,2334,4961,39841.0,56537.0,9561,7847,7591,5557,7894,5076,1850,2617,15519,9688,7179,10929,92476,76.0
MN40,359832.0,2290.3832108713486,379069.0,1760.1713778742128,336,38699567.0,72.60952380952381,1,99.6774193548387,96.34615384615384,1938.7935483870967,1938.3846153846155,4.755952380952381,16940,11914,2000000.0,814,39192,2387,22685,1281,5858,295,150,155786.0,302939.0,1879,502,680,476,622,469,198,114,2057,2705,3839,44723,58593,105.0
MN50,289778.0,4275.368392141804,334485.0,2075.9387978066643,2,17884352.0,47.7,1,100.0,,1947.0,,3.2,0,10480,,241,13304,761,9627,1488,2210,0,103,97212.0,115504.0,1788,178,323,609,217,182,249,77,2514,1352,1869,12104,21462,43.0
MN99,592138.0,4031.629998155175,567551.0,2947.2944775024785,1,58296.0,77.8,1,100.0,,1953.0,,5.8,0,0,,871,103,477,7,98,45,0,26,,,866,226,214,74,18,47,0,0,12,0,0,0,1765,129.0
QN01,,,,,10,341044.0,80.76,1,100.0,92.0,1967.4,1988.0,4.74,5479,6687,374207.0,5500,4189,9189,3843,5828,4267,1462,2207,48375.0,63738.0,3137,1899,2642,1931,2849,3326,1133,1740,6687,5379,4712,6050,41606,
QN02,,,,,7,239063.0,87.51428571428572,0,100.0,100.0,1975.0,1968.0,5.128571428571428,3674,6790,394427.0,2437,4883,5822,4272,3430,3624,680,1428,53006.0,64767.0,1050,576,777,663,1180,1810,524,396,5154,5821,3649,5686,27577,
QN03,,,,,22,35529.0,139.54090909090908,0,100.0,95.71428571428571,2006.0,1975.2380952380952,8.436363636363636,3669,2273,408800.0,1958,3357,4042,3158,2967,2590,659,800,75244.0,87089.0,1562,477,616,916,485,651,302,509,4193,3446,2896,5368,21900,
QN05,,,,,5,0.0,81.32000000000001,0,,98.0,,2003.6,5.06,4654,2965,422711.0,2180,4925,5144,4632,3735,3532,1043,1246,86452.0,96902.0,957,671,577,428,973,1105,254,600,4384,4979,3555,8923,27462,
QN06,,,,,24,2151776.0,82.19583333333334,1,98.94736842105263,100.0,1956.0526315789473,1970.4,4.8625,4894,4347,536180.0,2464,8603,3951,5493,2047,3380,648,968,69745.0,93424.0,499,1326,691,632,1029,646,328,626,4452,3415,2661,9614,26757,
QN07,,,,,7,538392.0,75.08571428571429,1,94.16666666666667,100.0,1952.1666666666667,1990.0,4.457142857142857,3369,2661,432152.0,2414,3480,4619,2778,2956,2657,1104,1254,66176.0,78912.0,878,645,814,728,884,876,715,405,3511,3575,2440,5217,21214,
QN08,,,,,10,224767.0,118.09,0,100.0,100.0,2003.0,1987.6666666666667,7.95,10967,4750,387885.0,4409,8217,11396,7405,8050,6578,1840,2736,71487.0,83969.0,1861,1377,1691,1914,1695,1876,718,990,11188,9477,7830,13217,54626,
QN10,,,,,27,4102614.0,77.09629629629629,1,98.86363636363636,99.0,1974.6363636363637,1973.0,4.651851851851852,6471,4354,552248.0,2196,7817,4604,5514,2226,2397,1215,925,80924.0,103538.0,998,308,550,760,887,744,443,645,3514,2055,3926,12435,28243,
QN12,,,,,10,1650386.0,99.44,1,98.75,100.0,1991.875,1979.0,5.89,4223,8838,323951.0,5992,5073,6669,4376,4110,3061,1479,1378,39374.0,56077.0,4905,2495,2283,2297,2587,2589,478,912,5272,4707,2721,6383,39003,
QN15,,,,,48,4614430.0,95.59375,1,99.16666666666667,100.0,1959.7142857142858,1976.3333333333333,5.510416666666667,4209,12466,441795.0,9206,8021,7789,6751,6400,4520,1511,2229,43722.0,59238.0,4646,2112,4143,3724,2798,3272,1427,1721,9226,6500,4600,8051,54264,
QN17,,,,,178,21992611.0,84.65786516853933,1,99.22155688622755,95.0,1950.940119760479,1954.909090909091,4.928651685393258,18067,21191,354235.0,4838,37751,11147,25042,5724,9524,1397,2634,70278.0,93862.0,3831,2740,3030,2649,2367,1962,1695,1143,9625,8821,9807,38338,86531,
QN18,,,,,42,3441889.0,80.82857142857144,1,98.0,100.0,1962.675,1952.0,4.830952380952381,5064,7196,352759.0,2348,10768,4595,6216,2669,3407,608,1178,57539.0,74753.0,1670,640,1513,1302,1015,1206,308,370,4505,3359,2735,9445,28106,
QN19,,,,,6,0.0,85.16666666666667,0,,99.16666666666667,,1960.3333333333333,5.383333333333334,5841,5979,512186.0,3518,5835,8578,5208,4125,4008,1699,1878,70509.0,81563.0,1316,835,955,1018,1387,900,351,740,5849,5797,5066,9787,34029,
QN20,76291.0,1752.2163241712278,72468.0,2758.837603431322,20,429522.0,52.815,1,98.0,95.55555555555556,1950.1,1949.7,3.2699999999999996,5515,18683,515807.0,9681,11652,15487,9142,10297,7823,4564,4616,55788.0,69489.0,6257,2737,3229,3351,4921,4079,2003,1591,13677,9975,6526,14460,72964,71.0
QN21,,,,,4,709299.0,73.0,1,100.0,,1955.25,,4.45,8725,5906,588326.0,3713,9048,8973,7193,3223,4620,1644,1633,72118.0,85918.0,1725,626,704,864,1393,1667,609,1020,4087,5244,4942,14690,38033,
QN22,,,,,200,16678646.0,80.777,1,99.06976744186046,95.71428571428571,1966.5697674418604,1989.9285714285713,4.8355,6848,18959,291684.0,14848,12153,15239,8136,11130,7862,1851,3409,37698.0,52996.0,5862,4498,7684,5467,5532,5178,598,1304,10876,7143,5787,9693,70697,
QN23,,,,,12,79370.0,62.074999999999996,0,100.0,100.0,2002.0,1966.3636363636363,4.033333333333333,3648,4204,549027.0,4071,3539,6022,2900,2919,3234,1124,1474,55021.0,73641.0,1627,394,1471,1896,1419,1588,467,965,4479,3717,2235,4928,25875,
QN25,,,,,33,5758115.0,85.84242424242424,1,98.62068965517241,98.75,1963.4827586206898,1978.75,5.036363636363636,3829,12814,453604.0,12343,5873,12164,4080,9701,5448,3513,4188,45589.0,55734.0,4671,3238,4140,4546,4039,5046,2263,2912,10421,8049,4223,4490,58626,
QN26,,,,,12,696662.0,82.16666666666667,1,94.54545454545455,100.0,1971.090909090909,2010.0,5.183333333333334,2561,9617,543975.0,16136,2496,10740,2360,10664,4556,5071,4045,47218.0,60921.0,4669,3188,4363,4789,5179,5394,1920,1696,11507,5606,2557,3041,54677,
QN27,,,,,9,128035.0,80.36666666666666,0,98.33333333333333,95.83333333333333,1941.0,2002.8333333333333,5.211111111111111,2608,3456,517091.0,3718,2297,5750,1941,2885,2184,1283,1519,48362.0,64815.0,1561,1226,1410,1136,1928,1182,148,534,4597,2626,2117,2850,21760,
QN28,,,,,128,9832868.0,85.68828125,1,99.22764227642277,96.0,1940.861788617886,1969.4,4.9328125,13334,23372,387694.0,17640,19851,22493,14487,15032,11098,4413,6795,53288.0,67112.0,6186,3482,7768,5427,8338,6594,2595,3308,18287,13383,9497,18730,104125,
QN29,,,,,96,8096744.0,92.80729166666667,1,99.1304347826087,100.0,1953.4021739130435,1977.25,5.4875,6562,20313,504289.0,17140,14881,17097,9263,14661,8155,3558,5656,44367.0,59604.0,6231,4014,7129,8080,5895,4999,1524,2442,15618,10034,7141,10276,83663,
QN30,,,,,22,184773.0,62.127272727272725,0,100.0,98.82352941176471,1934.8,1966.235294117647,3.8045454545454547,5550,5288,546274.0,3042,5437,7056,4052,3341,3520,1992,1479,62820.0,79157.0,1666,852,735,1031,1783,943,309,786,5171,4444,2963,8150,29111,
QN31,240499.0,1945.6157385429403,244888.0,2338.2875279277364,256,17957299.0,68.854296875,1,98.51190476190476,95.76470588235294,1960.7380952380952,1956.3068181818182,4.251953125,5780,22465,534606.0,8440,23368,10660,17971,8946,7030,2259,3653,67822.0,91724.0,3814,1688,3445,3402,3044,3061,759,1894,10737,7334,5612,21436,66926,121.0
QN33,,,,,2,0.0,129.25,0,,92.5,,1952.0,9.05,5262,819,398366.0,1347,4467,3999,3414,2285,2465,450,1007,82100.0,94177.0,314,113,324,549,461,611,290,210,3465,3316,2881,6950,19546,
QN34,,,,,10,482079.0,70.02000000000001,1,100.0,100.0,1948.0,1949.25,4.12,10482,5056,417588.0,6312,8136,12431,7614,6583,7327,2240,3140,70880.0,81963.0,2260,1897,1685,2796,2203,1776,946,1156,8455,9827,8433,12989,54732,
QN35,,,,,49,4425107.0,85.93061224489797,1,99.65116279069767,100.0,1958.8837209302326,1974.5,5.057142857142857,5440,8829,375873.0,5174,11857,6442,7921,4264,5314,1414,2166,62588.0,75837.0,2270,1874,2282,1854,2401,2281,800,830,6222,5823,4023,10603,42224,
QN37,,,,,28,3653660.0,94.425,1,98.69565217391305,100.0,1956.0869565217392,1971.6,5.596428571428571,6879,6320,321724.0,2870,10717,6001,8163,3124,4199,718,1375,64561.0,81683.0,1576,871,1955,1585,1241,2005,569,1101,5868,4171,4650,11617,38404,
QN38,,,,,10,935737.0,88.03,1,95.0,100.0,1981.5714285714287,1988.0,5.29,5520,6385,600293.0,3555,7488,6356,5304,3402,4578,1203,986,52068.0,74858.0,3756,696,1988,1691,1573,1758,387,1173,5008,3512,3651,8886,36416,
QN41,,,,,9,5470323.0,91.73333333333333,1,100.0,100.0,1954.625,1962.0,5.366666666666666,2904,3756,649612.0,1452,6239,2681,3746,1566,2499,325,846,71429.0,86706.0,1236,575,616,257,917,540,188,476,2787,2629,2004,6367,18700,
QN42,,,,,14,3744213.0,84.67857142857143,1,99.23076923076923,50.0,1952.7692307692307,2000.0,4.95,7815,3236,332229.0,2179,9540,4475,6561,1759,3577,824,1077,70660.0,95781.0,970,619,923,436,1397,1164,781,571,3207,4535,3406,10639,28669,
QN43,,,,,9,1864735.0,76.34444444444445,1,98.33333333333333,100.0,1952.1666666666667,1970.3333333333333,4.366666666666666,5864,2328,484217.0,2226,6270,5934,4591,2296,2986,853,1647,74950.0,87758.0,1442,601,909,502,889,2437,229,291,3664,3480,3017,8911,26916,
QN44,,,,,14,1748381.0,121.14285714285714,1,97.27272727272727,100.0,1951.3636363636363,1976.0,7.835714285714286,7021,2009,463320.0,1711,7449,4972,4758,1116,3465,775,888,84340.0,99771.0,416,331,654,473,437,633,208,375,2028,1931,3232,11658,23344,
QN45,,,,,11,713177.0,60.86363636363637,1,100.0,100.0,1957.857142857143,1966.5,3.6727272727272724,7600,2084,576588.0,1507,9330,3664,6265,2109,2938,654,693,83413.0,103424.0,813,311,797,799,427,494,429,265,3762,2794,3005,11698,25738,
QN46,,,,,22,762550.0,99.2090909090909,1,100.0,98.88888888888889,1947.8461538461538,1971.2222222222222,5.9363636363636365,10105,5568,648307.0,3789,14134,7392,10223,3568,5635,1427,1488,81794.0,97749.0,1314,705,1237,1208,1295,1520,473,996,6588,6586,5009,17464,44864,
QN47,,,,,13,3391964.0,161.05384615384617,1,98.33333333333333,100.0,1958.9166666666667,1960.0,10.353846153846153,6838,3010,414849.0,1658,8131,3830,4811,1322,2506,832,613,76137.0,92041.0,657,492,413,306,291,402,196,427,2429,3827,2800,9705,21945,
QN48,,,,,11,347543.0,84.52727272727273,0,100.0,95.0,1952.8,2000.5,5.172727272727273,4706,2231,644198.0,2209,5723,3933,4275,1676,2548,848,731,74862.0,92045.0,432,347,514,816,775,852,535,360,3319,2525,2541,7561,20609,
QN49,,,,,48,2774523.0,74.51666666666667,1,100.0,100.0,1957.0263157894738,1982.0,4.335416666666666,8433,2661,663953.0,3079,8219,6239,6095,1999,4133,1326,764,79557.0,98714.0,524,469,551,1086,1018,1126,427,397,3600,5284,4193,12210,31090,
QN50,,,,,20,822783.0,70.32,1,97.3076923076923,97.14285714285714,1962.2307692307693,1962.142857142857,4.24,3278,4793,578576.0,4332,5942,5446,3774,3572,3311,1041,1996,56797.0,70987.0,1418,838,1283,1041,2480,1384,357,1295,5929,3439,2562,4391,26460,
QN51,,,,,74,5786733.0,78.50810810810812,1,97.53731343283582,92.85714285714286,1955.7014925373135,1982.4285714285713,4.781081081081081,7914,9801,648431.0,9025,10441,10819,7907,6232,5923,1845,2337,52762.0,72306.0,3237,1649,3784,3091,2773,2484,1540,1855,8442,5631,4988,12425,52659,
QN52,,,,,11,706873.0,78.56363636363636,1,100.0,100.0,1949.9,1965.0,4.890909090909091,3975,4371,684343.0,5056,5129,5252,3495,3390,2990,1032,1577,48666.0,68975.0,1335,1393,1380,2107,1578,1788,464,1200,4395,2650,2580,5519,26436,
QN53,,,,,16,1053530.0,94.325,1,99.28571428571429,100.0,1935.5,1955.5,5.475,8943,8381,436526.0,9852,9101,12519,7587,8421,7444,2597,4000,64408.0,79620.0,3363,2213,3075,2721,3056,3148,1257,1764,12148,9956,6090,13820,62821,
QN54,,,,,28,791822.0,74.95357142857142,1,100.0,94.61538461538461,1936.9285714285713,1972.0,4.582142857142857,7947,9526,473224.0,12481,9727,13702,6816,8318,7665,4153,4922,60779.0,75506.0,4603,3085,4057,4055,4100,2732,1212,2603,12589,11082,5670,12064,68275,
QN55,,,,,2,27552.0,91.30000000000001,1,90.0,100.0,1931.0,1994.0,5.4,14139,7966,432257.0,15062,10235,19127,9108,9719,12306,4585,5111,62651.0,79339.0,4578,3191,4348,4807,3867,4902,1420,3432,15827,12579,9891,16331,85411,
QN56,,,,,1,0.0,40.6,0,,100.0,,2009.0,2.7,3991,2963,441648.0,3355,3498,4882,2954,2675,2851,907,1384,70275.0,82307.0,1364,1187,1091,929,707,1017,496,302,3735,3551,2770,6234,23415,
QN57,,,,,5,673499.0,59.739999999999995,1,100.0,100.0,1962.5,1961.0,3.5200000000000005,7560,2917,479918.0,3261,5706,6436,4720,1893,3947,1080,1512,68531.0,92838.0,1302,916,780,726,1151,809,431,477,3061,3394,4485,10614,28247,
QN60,,,,,61,4520314.0,81.09180327868853,1,99.56140350877193,93.75,1942.9473684210527,1963.75,4.816393442622951,3725,6290,300718.0,1883,8082,2945,5823,2007,2762,557,1216,63518.0,82749.0,1181,737,954,871,1230,1476,158,255,3347,3086,2314,8068,23719,
QN61,,,,,76,4832904.0,81.27499999999999,1,97.41379310344827,92.77777777777777,1961.5689655172414,1967.2222222222222,4.777631578947369,3959,11993,426501.0,11590,7942,10312,4905,8041,5702,2489,3839,42970.0,55954.0,3884,3471,4795,5043,4424,3464,1694,1542,10499,6169,3825,5855,55597,
QN62,,,,,3,0.0,262.56666666666666,0,,96.66666666666667,,1976.0,16.333333333333332,3503,2546,627279.0,4634,3653,4570,2742,2811,2239,698,945,55740.0,69947.0,1333,826,882,1875,1442,2110,227,733,3497,2715,2235,3528,21460,
QN63,16298.0,1863.9448958096798,16799.0,2328.1897584791236,45,2931128.0,72.82222222222222,1,99.42857142857143,98.5,1952.5428571428572,1963.1,4.38,5523,10499,338394.0,7512,10513,9211,6822,5172,5070,1646,3554,51485.0,67859.0,2455,1608,2450,2838,3094,2189,918,2134,9873,5871,3930,8052,45702,17.0
QN68,153454.0,1678.6086237262984,151949.0,2395.614925603444,52,2147074.0,69.925,0,96.73913043478261,97.93103448275862,1975.4782608695652,1977.344827586207,4.4096153846153845,514,7291,643034.0,3262,3301,3967,2190,2467,2178,453,1099,28870.0,49300.0,1963,2111,2223,1455,1098,1207,473,485,2702,1382,1434,2375,18927,101.0
QN70,326262.0,1800.754455239204,318447.0,1950.728968878204,96,5494585.0,87.13020833333333,1,98.62068965517241,98.33333333333333,1947.3793103448277,1954.2222222222222,5.363541666666666,5206,29119,552407.0,9366,28813,11861,21648,9803,8911,2585,3142,59453.0,76138.0,4877,2912,3637,3653,3733,3662,900,1711,12255,9720,8879,21183,77252,206.0
QN71,106531.0,1660.9245609222703,111972.0,2333.360948945897,52,3202347.0,83.22884615384615,1,98.9,100.0,1976.78,1983.5,5.132692307692308,1560,9879,545116.0,3961,8770,4260,6339,3946,3179,816,1242,55087.0,75984.0,2194,1642,1774,1672,1599,1769,466,664,4575,2281,2365,6812,28110,74.0
QN72,153177.0,2446.1466168430825,153880.0,2914.4043055021248,44,2491035.0,87.66136363636363,1,99.05405405405405,95.71428571428571,1947.7837837837837,1960.857142857143,5.3954545454545455,5697,14018,677697.0,5164,17026,7683,12902,4573,6501,1539,2193,64259.0,86460.0,2185,1114,1711,2178,1725,2438,728,1366,7558,6518,5503,15121,48179,132.0
QN76,,,,,5,230000.0,80.0,0,100.0,95.0,1962.0,1985.5,5.119999999999999,7090,3881,367690.0,4461,4455,9097,4309,4837,5152,1717,2398,62609.0,74779.0,2618,1596,1214,1353,2207,2094,637,1295,6838,6510,5265,7220,39079,
QN99,26701.0,1774.9847454506416,26612.0,2657.061377673263,5,0.0,53.660000000000004,0,,100.0,,1962.4,3.6399999999999997,109,27,243749.0,46,64,65,61,41,31,38,0,58460.0,75310.0,16,57,0,4,7,20,8,8,17,76,67,82,366,11.0
